unclean,clean
in the middle,united states of america
"columbus, oh",united states of america
"houston, tx",united states of america
"chicago, il",united states of america
"rocky ford, co",united states of america
"atlanta, ga",united states of america
usa,united states
"dallas, tx",united states of america
"none ya damn business, nub",
minneapolis,united states of america
"los alamitos, ca",united states of america
d3l*d3f3ktuozo,
darkside america,
us,united states
imperial college london,united kingdom
"parsippany, nj",united states of america
anywhere usa,united states of america
"fife, wa",united states of america
"hemel hempstead, england",united kingdom
"mytholmroyd, england",united kingdom
"santa monica, ca",canada
inside clouds of probabilities,
kalgan,china ä¸­å›½
"bloomsburg, pa",united states of america
they/them or w/e idc,
chicago suburbs,united states of america
rake against the machine!,
"stourport-on-severn, england",united kingdom
i live at #trigeminalneuralgia,
"irving, tx (usa)",united states of america
witness protection compound,
fmrus,
"tri-cities, wash.",united states of america
houseoftoni.wix.com/portfolio,
"rockville, md & parsippany, nj",
"shanghai, people's republic of",
in an immersive virtual world,
ğŸ‡¸ğŸ‡¬ Ã— ğŸ‡®ğŸ‡³ +Â ğŸ‡®ğŸ‡©,argentina
mars,france
being a trash panda,
"lawrence, ks",united states of america
17602,united states of america
the commode,united states of america
hyderabad,india
"3705 lakeview parkway, suite 105, rowlett, tx 75088",
cape cod,united states of america
"rockville, md",united states of america
"cranbury, nj",united states of america
"è´µå·, ä¸­åäººæ°‘å…±å’Œå›½",china ä¸­å›½
met oneus 11|8|19,
beijing,china ä¸­å›½
occupied musqueam territory,
"kennesaw, ga. look it up.",
"il, district 16",Ø§ÛŒØ±Ø§Ù†
510 to the world,italia
"wallingford, pa",united states of america
"annapolis, md",united states of america
usa and elsewhere,united states of america
"san marcos, tx",united states of america
"long beach, ca",canada
america,nederland
international,ÄeskÃ¡ republika
"test valley, hampshire",united kingdom
"ğŸ“–scifi/fantasy artist, writer",
"centre county, pa",united states of america
solitary confinement,egypt / Ù…ØµØ±
new orleans,united states of america
"liverpool, england",united kingdom
westeros,deutschland
"noblesville, in",united states of america
los angeles county,united states of america
"kingston, ny",united states of america
"newport beach, swga",
ğŸ‡¸ğŸ‡¦ğŸ‡µğŸ‡­,
ponte vedra fl,united states of america
global citizen,
"Ã¼t: 36.1573208,-95.9526115",
"st augustine, fl",united states of america
tx ğŸ›¬ dmv,united states of america
ğŸ‡ªğŸ‡ºeurope - balkans - bosnia,
"xalapa, veracruz de ignacio de",mÃ©xico
"saint paul, mn",united states of america
eastern u.s.,united states of america
"houston, charleston, nyc",
"saint john, new brunswick",canada
citizen of the world,trinidad and tobago
the free world!,deutschland
"morgantown, wv",united states of america
"hollywood, ca /jax bch, fl",
"ashland, or, usa",united states of america
"on the farm,  usa",united states of america
"fort lauderdale, fl",united states of america
,italia
"headquartered in beijing, prc",
roaring river mo,
tweets on #asia & usa,
sultan wa,united states of america
somewhere in exotic england,
"rathvilly, co carlow",ireland
still bitterly clinging,
"huntington, wv",united states of america
inthahood,
usa,united states
kuala lumpur,malaysia
"palo alto, ca",united states of america
deutschland,deutschland
"glasgow, scotland",united kingdom
"manchester, nh",united states of america
pacific time,united states of america
oswego il,united states of america
sc,united states of america
bcell,
"ç¾å¸ boston,ma",united states of america
"london, uk",united kingdom
"carnforth, lancashire, uk",united kingdom
"berne, suisse",switzerland
niâ€™ki,æ—¥æœ¬ (japan)
"smithfield, ri",united states of america
san francisco int'l airport,united states of america
neobutane@protonmail.com,
"rochester, ny usa",united states of america
telluride,united states of america
"edmonton, alberta",canada
mepedia entry with info on other social media channels:,
é¦™æ¸¯,china ä¸­å›½
phone consultations,
hackettstownnj,
"2, dogon dawa, u-sarki, kaduna",
#worldwide,repÃºblica dominicana
"east renton highlands, wa",united states of america
doodling at the back of class,
"geneva, il",switzerland
"charleston, wv",united states of america
where the money at,
"cambridge, ma usa",united states of america
gotham,united states of america
bergen norge,norge
nbtx,
southern africa,united states of america
wales,united kingdom
"national capital region, repub",
proud north carolinian,
taipei city,taiwan
stillness in the storm,
upstate ny,united states of america
"tempe, az ğŸ‡ºğŸ‡¸ ğŸŒµvancity ğŸ‡¨ğŸ‡¦",
ï¾Šï¾Ÿï½¼ï¾Œï½¨ï½¶ğŸ„ï½±ï¾†ï¾’ï¾ˆï¾„ï½¹ï¾ï¾Œï½§ï¾ï¾€ï½¼ï¾ï½±çµŒæ¸ˆé ˜åŸŸ,
las vegas,united states of america
wherever i wake up??,
nj nyc philly ac central nj,
"fort myers, fl",united states of america
"johnson city, tn",united states of america
philadelphia pa,united states of america
"ind, chs, fla, az, id, pa, ny",
hongkong bei conronavirusland,
"manhattan, ks",united states of america
"columbus, oh",united states of america
"bellevue, wa",united states of america
mallorca,espaÃ±a
"north oxfordshire, uk",united kingdom
"paramount, ca",canada
"medford, ma",united states of america
cn,ä¸­å›½
"milwaukee, wi",united states of america
nj,united states of america
nortwest atlanta,
ca,canada
midwest biblebelt,
southern usa,united states of america
"charlotte, nc usa",united states of america
gurgaon,india
"whitby, ontario",canada
"flushing, ny",united states of america
san francisco,united states of america
"horsham, pa",united states of america
"moerbeke-waas, belgiÃ«",belgiÃ« - belgique - belgien
ut jammu & kashmir,india
pluto,united states of america
"plymouth, england",united kingdom
"bath, england",united kingdom
"lv426,the pit,fireflyclassship",
"parker, co",united states of america
back yard,haiti
fuckery,
baltimore md usa,united states of america
england,united kingdom
usa ğŸ‡ºğŸ‡¸,united states
"central asia, views are not my own, they're  my grannie's & not usmc.",
"halifax, england",united kingdom
boston,united states of america
"mt. doom, mordor",
mÃ©xico,mÃ©xico
7083 hollywood blvd,united states of america
"ithaca, ny",united states of america
"atlanta, ga",united states of america
"salt lake city, ut",united states of america
dustnation,
at ur mom's house,
global,canada
metro st. louis - eastside(il),
"åŒ—äº¬, ä¸­åäººæ°‘å…±å’Œå›½",china ä¸­å›½
moonbase alpha,
birthplace of medicare in ğŸ‡¨ğŸ‡¦,
"baltimore, åœ°çƒ, cape breton           p(a|b)=p(b|a)p(a)/p(b)",
"strathmore, alberta",canada
ha-shikkuts meshomem,
"phila pa, usa | opinions=mine",
i live in your screen,
"pensacola, fl",united states of america
hong kong plus beyond,
"hatboro, pa",united states of america
blighty,australia
asunciÃ³n,paraguay
not on earth,
"franklin lakes, nj",united states of america
"upper marlboro, md",united states of america
"research triangle park, nc",united states of america
"west midlands, england",united kingdom
international website,suomi
"naperville, il",united states of america
middlesbrough,united kingdom
stockholm,sverige
"east lansing, mi",
"peterborough & london, uk",united kingdom
"sacramento, calif.",united states of america
"me, ny, fl, wv",
us constitutional republic,lietuva
"chichester, england",united kingdom
"1901 walton way, augusta, ga",united states of america
"placentia, ca",canada
"p.o. box 798, cradock, 5880",
"river region, al",brasil
"jerusalem, paris, melbourne",
"seattle, wa",united states of america
"iloilo, ph",philippines
newmarket,united kingdom
"lufkin, tx",united states of america
the wild west,australia
bks-slo,
"grand rapids, mi",united states of america
"san jose, ca",united states of america
land of the free,georgia / áƒ¡áƒáƒ¥áƒáƒ áƒ—áƒ•áƒ”áƒšáƒ
near my pc,
charlotte nc,united states of america
"south east, england",sverige
"fort worth, tx",united states of america
"valencia, espaÃ±a.",espaÃ±a
"hamilton, ontario",canada
"gibsons, b.c.",canada
far north queensland,
purgatory,united states of america
"gardena, ca",united states of america
nyc - co - nj - az,
"sarasota, fl",united states of america
saint kitts and nevis,saint kitts and nevis
"dekalb, il",united states of america
south england,sverige
wa,united states of america
"rural n ga mts, us",
asheville,united states of america
"sakarya, tÃ¼rkiye",tÃ¼rkiye
"trenton, nj",united states of america
"military installation, usa",united states of america
socialmedia redcarpet #influencer ğŸ· ğŸ· ğŸ·,
"åº«é å³¶, ä¸­åœ‹",
under the sea,australia
somewhere in chicago,
"san juan capistrano, ca",united states of america
"bethesda, md",united states of america
cardassia prime,
ğŸš§,
hafnia ğŸ‡©ğŸ‡°,danmark
mostly seattle,
"hartford, ct",united states of america
"beach city, dv",france
"á›á›‰
34Â° n.e  â˜¬",
cumbria.,united kingdom
san francisco is my disco,
"vancouver, british columbia",canada
bangkok,à¸›à¸£à¸°à¹€à¸—à¸¨à¹„à¸—à¸¢
"5339 macleod trail sw, calgary and 19 - 13750 bow bottom trail se, calgary",
johnson city,united states of america
"delmar, de",united states of america
forest,united states of america
lahore,Ù¾Ø§Ú©Ø³ØªØ§Ù†
alternate dimension  pop alpha,
everywhere at once,
my soul in auckland,
aztec nm,united states of america
"denver, co",united states of america
dc/nycnative/â¤ï¸ in #ferguson,
happy never after,
"chattanooga, tn",united states of america
"the freeworld , scotland",
sonoma county,united states of america
"tÃ¼bingen, deutschland",deutschland
"mccook, ne",united states of america
"cyberspace, baby!",
johannesburg,south africa
"cornwall, england",united kingdom
"greenwich, ct",united states of america
behind enemy lines... 412âœˆï¸404,
limerick,ireland
@heartwarmingyu,
"the western provinces, usa",
"sint pancras, langedijk",nederland
ha noi,viá»‡t nam
aaaaaaaaaaaaaaaaaaaaaaaaaaaaaa,
"mostly chicago, il",
colombo,sri lanka
"chilliwack, british columbia",canada
ph ğŸ’•,philippines
the rage box,ëŒ€í•œë¯¼êµ­
"dearborn, mi",united states of america
"plymouth meeting, pa usa",united states of america
the mountains,cambodia
houston,united states of america
ğŸŒ½,
"denton, tx",united states of america
"marana, az",united states of america
"asbury park, nj",united states of america
flavor country,united states of america
here i am,bosna i hercegovina
"raleigh durham, nc",united states of america
"sydney, au",australia
"penzance, england",united kingdom
ğŸŒ,
stolen catawba land,
#fbts  #kag,
new alresford area,united kingdom
random section,taiwan
lost at sea,united states of america
sw5 9hb,united kingdom
"brunswick, md",united states of america
a parallel universe,united states of america
"â™ˆï¸â˜€ï¸â™‚ï¸â˜¿, â™ï¸ğŸŒ™, â™‰ï¸â™€ï¸, â™‹ï¸ asc. f",
"asheville, nc",united states of america
"birmingham, uk",united kingdom
"alexandria, va",united states of america
cambridge,united kingdom
internet,haiti
manchester,united kingdom
"tucson, az",united states of america
home!,deutschland
uranus,sverige
ğŸŸ¢thesis examination deckğŸŸ¢,
á´˜ÊœÊŸ,
regina,canada
http://www.mobs-lab.org,
atlanta ga,united states of america
"springfield, ma",united states of america
atl|nyc (she/her),
fucking city of roses,
nairobi &the universe,united kingdom
trumplandia,
"manchester, uk",united kingdom
à²…à²®à²°à²¾à²µà²¤à²¿ | amaravati,india
ğŸ‡²ğŸ‡¶ğŸ‡¨ğŸ‡¦,
southeast u.s.,myanmar
"reading, pa",united states of america
todo mÃ©xico,united states of america
"chambersburg, pa",united states of america
united state,united states of america
"hummelstown, pa",united states of america
ÇnuÇÊŒÉ uooÉ¯ÊÇuoÉ¥,
ny/syd/lnd/msp/par,
"ki baratan, romulus",
"marion, ky",united states of america
knowhere,united states of america
"chicago, il & denver, co",mÃ©xico
"white rock, british columbia",canada
occupied tongva territory,
new south wales,australia
"makati city, national capital region",philippines
"oakland, ca",canada
"cincinnati, oh",united states of america
"Ã©vry, where ur",
í•œâ¡ï¸eng | â˜€ï¸,
national capital region,philippines
somewhere in the universe,
"blue county once orange, usa!",
st. louis,united states of america
where my heart is,
montrÃ©al + hong kong,brasil
sault ste marie,canada
harvard professor & md,
the world,new zealand
"reston, va",united states of america
"puebla, mÃ©xico",mÃ©xico
"lexington, ky",united states of america
"hong kong, my homeland",
vacationing in dinosaur world,
usağŸ‡ºğŸ‡¸âœï¸âœï¸âœï¸,
patreon.com/wearyourvoice,
army mom,
"highlands ranch, co",united states of america
"palm beach gardens, fl",united states of america
wherever business takes me.,
taipei,taiwan
port harcourt,nigeria
pretoria,south africa
wandering far afield,
"beaufort, sc",united states of america
"parkersburg, wv",united states of america
"ann arbor, mi",united states of america
"space, the final frontier",
"west palm beach, fla.",
demanding truth ğŸ§›ğŸ¼â€â™€ï¸you?,
sf Â· mpls,
"stanford, ca",united states of america
randomize allocation concealed,
metro manila,philippines
"mercedes, tx",united states of america
n 44Â°20' 0'' / w 75Â°53' 0'',
location successfully updated,
"midwest, usa",united states of america
"oceanside, ca",canada
"temple, ga",united states of america
district of columbia,united states of america
"louisa, va",united states of america
toronto,canada
cultured niravana,
debunking denialism,
"whadjuk region, wa",
khyber pakhtunkhwa .....ğŸ‡µğŸ‡°ğŸ’•,Ù¾Ø§Ú©Ø³ØªØ§Ù†
iqt . lima . edinburgh. ny,
true north,australia
"winston-salem, nc",united states of america
ğŸ’» indult@outlook.com ğŸ“§ğŸ‡«ğŸ‡®,
northern ca,canada
mainz,deutschland
gogeurtland,
"east coast, usa",united states of america
safeguarding humanity!,
winterpeg,
bts â™¡,slovensko
usa & africa,united states of america
surrey england,united kingdom
in your dreams,united kingdom
"north potomac, md",united states of america
5 locations in so cal,
"jefferson, la",united states of america
"redwood falls, mn",united states of america
"st paul, mn",united states of america
"surrey, england",united kingdom
u s a,egypt / Ù…ØµØ±
manning point,australia
pnw,Ø§ÛŒØ±Ø§Ù†
bern,switzerland
glitch in the matrix,
minneapolis mn,united states of america
"se of uk based, global reach",
"london, england",united kingdom
"bfe,tx",united states of america
"iphone: 28.466421,-16.283706",
oxfordshire,united kingdom
"before: lancaster, pa now ellicott city md",
espirito santo,brasil
"toronto, ontario",canada
"englewood cliffs, nj",united states of america
western hemisphere,united states of america
"mke, usa",united states of america
"london, ontario",canada
"rockville, md and parsippany, nj",
jennielyreads@hotmail.com,
"flint, mi",united states of america
"puget sound region, wa",
"aargau, schweiz",switzerland
"roma, lazio",italia
"charlottesville, va",united states of america
child of the lord our god,
"rio negro, brasil",brasil
"auburn, ca",canada
"dallas, tx",united states of america
location,united states of america
shenandoah valley va,united states of america
å±±å½¢ å±±å½¢å¸‚,æ—¥æœ¬ (japan)
"fairport, ny",united states of america
"rosenberg, tx",united states of america
"atlanta, ga usa",united states of america
"simi valley, ca",united states of america
peoples republic of nambia,
en plein vol...,
onlyfans.com/lichlings,
outside,belgiÃ« - belgique - belgien
policy: go.usa.gov/yjnp,
probably eating somewhere,
stanford medx epatient scholar,
nearest place with wi-fi,
west java - g&k #cn region,
"ciudad de tainan, taiwÃ¡n",
abuja,nigeria
the dirty dirty,united states of america
"cochrane, alberta",canada
london â€¢ rickmansworth,united kingdom
"shelton, wa",united states of america
"birmingham, england",united kingdom
"behind enemy lines, qalifornia",
terra,ÎºÏÏ€ÏÎ¿Ï‚
"norcross, ga",united states of america
world wide,china ä¸­å›½
"exeter, england",united kingdom
red bull fc,united kingdom
east coast,singapore
"houston,tx",united states of america
charlotte,united states of america
7945,united states of america
"conway, sc",united states of america
unceded coast salish lands,
hadiya's world,
san giovanni in fiore,italia
"little rock, ar",united states of america
madison,united states of america
pittsburgh,united states of america
broken hill,australia
"571 s allen rd  flat rock, nc 28731",
pr email crystalangels@gmx.com,
"minneapolis, minn.",united states of america
istanbul,tÃ¼rkiye
"laurel springs, nj",united states of america
"local, regional, and national, usa",united states of america
"wallingford, ct",united states of america
"bronx, ny",united states of america
ğŸŒğŸŒğŸŒ,
#z2,peru
port mcneill & vancouver bc.,
rosser,canada
"vancouver, wa",united states of america
somewhere in the world,
"gilbert, az",united states of america
dublin 15,ireland
"westbury, ny",united states of america
forest of the black roses,united states of america
aurora borealis,mÃ©xico
"cnn hq- atlanta, ga",
europe,
cosmos,brasil
"ramsey, nj",united states of america
university of exeter,united kingdom
co,colombia
"seoul, orange county, mokupuni o hawaiâ€˜i",
ontario ğŸ‡¨ğŸ‡¦,canada
"west baltimore, md",united states of america
mata nui,chile
"madrid, comunidad de madrid",espaÃ±a
cleveland hall 306,united states of america
waterloo ontario,canada
"woodland hills, ca",canada
wuhan | kampala,
macao,china ä¸­å›½
overboard,united states of america
"charlotte, nc, usa",united states of america
all platforms & devices ğŸ–¥ğŸ’»ğŸ“±,
cambridge uk,united kingdom
"uk, hong kong",united kingdom
ğŸ”,
breastfeeding-magazine.com,
around,ÑƒĞºÑ€Ğ°Ñ—Ğ½Ğ°
italia,italia
nyc,united states of america
"houston, tx",united states of america
the city of brotherly love,
"leeds, england",united kingdom
"midwest, us",united states of america
"battle ground, wa",united states of america
#wny,saudi arabia / Ø§Ù„Ø³Ø¹ÙˆØ¯ÙŠØ©
inland mutant,
memphis,united states of america
"north brunswick, nj",united states of america
i sÃ¢y,india
cape town,south africa
"deplorable, mo",
"poughkeepsie, ny",united states of america
bernville,united states of america
"westville, in",united states of america
cle,united states of america
"portland, or",united states of america
"cincinnati, oh to atlanta, ga",
"new haven, ct",united states of america
naked blue planet,
"hurst, tx",united states of america
the void,france
"folsom, ca",united states of america
big sky,united states of america
"st. louis, mo.",united states of america
north lincs uk,united kingdom
calabasas,united states of america
reno,united states of america
makati city,philippines
infinity and beyond,
cleggan,ireland
"n. ca, usa",united states of america
middle of america,united states of america
"hermosillo, mÃ©xico",mÃ©xico
catalunya,espaÃ±a
"sÃ£o paulo, br - milano, it",
las vegas nv,united states of america
whalestreet â†’,
the heartland,united states of america
next to a crick,
los ageless,australia
pompano beach,united states of america
"dupont, wa",united states of america
newby place tower hamlets,united kingdom
hong kong ğŸ‡­ğŸ‡°,china ä¸­å›½
isshinâ€™s flower garden,
"raleigh, nc",united states of america
"newton, ma",united states of america
"day6, ukiss, yb, deulgukhwa",
bentonville ar 72712,united states of america
viberaq,
the internet & nyc,united states of america
"hell, usa",united states of america
"hartford, ct usa",united states of america
ortigas,espaÃ±a
"west coast, us",united states of america
home,deutschland
"planet earth ~ ferndale, mi",
"charlotte, nc. usa",united states of america
your mom,united states of america
"allston - brighton, boston",united states of america
norwich,united kingdom
"dayton, oh",united states of america
"the boardtop world, disboard",
somewhere on the earth,
brasil,brasil
graveyard,Ù¾Ø§Ú©Ø³ØªØ§Ù†
the boonedocks,united states of america
muzaffarabad azad kashmir,Ù¾Ø§Ú©Ø³ØªØ§Ù†
"draper, ut",united states of america
floating in a most peculiar way,
third bar-stool from the left,
saint louis,united states of america
paris,france
ig: @ssk_music,
great lakes,united states of america
seattle munich bangalore seoul,
totally blue area,
"batangas, ph | dubai, uae",
world,new zealand
los angeles/ golds gym,united states of america
"mount pleasant, wi",united states of america
dubai,united arab emirates
"from cleveland, living in uk",
nationwide,united kingdom
uni oxford @oxprimarycare,
"kensington, london",united kingdom
"rio de janeiro, brasil",brasil
"san pedro, calabarzon",philippines
"syosset, ny",united states of america
"lima, oh",united states of america
"huntington station, ny",united states of america
"Ã®les kerguelen, ğŸ¤¡ğŸŒ",france
greatlakes / atlanticseaboard,
"39.04,-94.48",united states of america
dharmshala,india
"founder, benador associates",
"madison, cheese-land",
"edinburgh, scotland",united kingdom
"ridgeland, ms",united states of america
san diego ca,united states of america
"manassas park, va",united states of america
"vancouver, bc",canada
"nesbit, ms",united states of america
"bloomington, il",united states of america
sÃ£o paulo,brasil
https://vets4childrescue.org,
"los angeles, ca",united states of america
"kenilworth, england",united kingdom
southeastern u.s.,tÃ¼rkiye
iberoamericana,uruguay
everywhere,romÃ¢nia
"concord, nc",united states of america
#415 *frisco*,united states of america
"chippewa, pa",united states of america
cushing,united states of america
shanghai,china ä¸­å›½
"peterborough, uk",united kingdom
"lilburn, ga",united states of america
"mla, ph",malta
wellington nz,new zealand
on the roof in a clown suit,
albuquerque,united states of america
"midtown, manhattan",united states of america
quad cities,
"sf bay area, cali",
"ar, mo, ri, nc, fl",
"baltimore, md",united states of america
over the rainbow w/yahweh the holy spirit,
"st joseph, mo",united states of america
"reno, nv",united states of america
"barcelona, cape town, london",espaÃ±a
ua,ÑƒĞºÑ€Ğ°Ñ—Ğ½Ğ°
basement of a toronto hospital. she/her.,
your undergarments,
"beaver, pa",united states of america
"freeport, illinios",
planet earth.,india
#intutionsandastro,
Ø¬Ù…Ù‡ÙˆØ±ÛŒ Ø§Ø³Ù„Ø§Ù…ÛŒ Ø§ÛŒØ±Ø§Ù†,Ø§ÛŒØ±Ø§Ù†
land of brave,australia
kowloon,china ä¸­å›½
she/they | sailor,
"del mar, ca",canada
"detroit, mi",united states of america
"redwood city, ca",united states of america
"mississauga, ontario",canada
i'm lost,united kingdom
ğŸ‡®ğŸ‡ª / ğŸ‡¬ğŸ‡·,
como by way of the chi,
a jigglypuff at large,
spring,united states of america
"manhattan, ny",united states of america
"san francisco, london, vienna",united states of america
"san diego, ca",united states of america
kampala,uganda
newsroom (silid 11),
"logan, ut",united states of america
trump tower,united states of america
"lord fairfax region, va",
"rockland, ma",united states of america
city of san fernando pampanga,philippines
location: at the trading desk!,
somerset,united kingdom
contact@nchrd.org,
"dublin, oh",united states of america
witness protection,
"xenia, oh",united states of america
"sugar hill, ne baltimore",united states of america
"vigan city, ilocos region",philippines
santiago de cali ğŸ‡¨ğŸ‡´,colombia
"cardiff, wales",united kingdom
wherever threads are written..,
"manhasset, ny",united states of america
shiraz,Ø§ÛŒØ±Ø§Ù†
"bentley, alberta",canada
contra costa & solano county,
big baby earnhardt out now,
canadian girl who loves her american friends...,
1322 yale st. houston tx 77008,united states of america
"astronomy tower, hogwarts",
"avon, in",united states of america
"shoreview, mn",united states of america
anywhere,malawi
suffolk county/long island/ ny,united states of america
"oakville, ontario",canada
the universe.,danmark
the gridiron,united states of america
romÃ¢nia,romÃ¢nia
"wicken, ely, cambridgeshire",
bed,slovensko
hong kong,china ä¸­å›½
village on edge of rainforest,
ny,united states of america
mercury,france
'deep and wide',united states of america
leicester england uk,united kingdom
3rd rock from the sun,united states of america
gÃ¶ktÃ¼rk-yertÃ¼rk,
"new orleans, la",united states of america
europa,
"los angeles, calif.",united states of america
the h,deutschland
"blackheath, england",united kingdom
"in a garden, writing.",united states of america
oz,france
"gainesville, fl",united states of america
"new england, usa",united states of america
"augusta, ga",united states of america
chennai,india
"davao region, republic of the",philippines
sverige,sverige
hasetsu castle,
dar es salaam,tanzania
british columbia,canada
"qui nhÆ¡n,bÃ¬nh Ä‘á»‹nh, viá»‡t nam",viá»‡t nam
cdc.gov/nceh & atsdr.cdc.gov,
"northside columbus, oh",united states of america
"atlanta,ga | twitter policy:",
"ss  bolsa nacional, cr",
beautiful british columbia,canada
"leeds, uk",united kingdom
"farmington, ct",united states of america
san junipero,united states of america
"Ã¼t: 47.225767,-122.471767",
"headquarters - san diego, ca",united states of america
"red oak, tx",united states of america
"cebu city, central visayas",philippines
north america,
"miami, fl",united states of america
"newport, ky",united states of america
spaceship earth,united states of america
in the land of bl,
putrajaya federal territory,malaysia
whatever,united states of america
"sunrise manor, las vegas, nv",united states of america
hollow bastion,united kingdom
anime world,united states of america
healthcare landğŸ‡¨ğŸ‡¦,united states of america
sheffielduk,
"calgary, alberta",canada
nowhere,united kingdom
west coast,new zealand
"arlington, va",united states of america
vodou city,ÄeskÃ¡ republika
denver via dc & norfolk,
nth yorks,
hiding in plain sight,nederland
amiskwaciwaskahikan treaty 6,
luther xctf,
ÄeskÃ¡ republika,Äesko
married to @sasha49_51,
az,azÉ™rbaycan
karachi- that neo-liberal joke,
pima county,united states of america
"terryville, ny",united states of america
birmingham,united kingdom
"monrovia, ca",united states of america
"living in a state of constant pain, usa",
i am a progressive democrat,
christchurch,new zealand
blessed america,
"hyderabad, telangana",india
shhhh,indonesia
they/them,à¸›à¸£à¸°à¹€à¸—à¸¨à¹„à¸—à¸¢
milwaukee,united states of america
"seattle, wa.",united states of america
"realtor and coordinator ricketson&associates of kw realty lake oconee, ga",
"loma linda, ca",united states of america
"west village, manhattan",united states of america
"towson, md",united states of america
"nova, usa",united states of america
"in yyc, psp or at sea",
"berkeley, ca",canada
"poznaÅ„, polska",polska
"401 professional dr, md 20879",united states of america
"melbourne, victoria",australia
worldwide ğŸŒ,repÃºblica dominicana
"freedom, usa",united states of america
waikiki,united states of america
north philly,united states of america
"chester, pa",united states of america
los angeles,united states of america
"space coast, fl",united states of america
"boulder, co",united states of america
africa,
"bremerton, wa",united states of america
"darwin, northern territory",australia
sunyshore city,
"richmond, va",united states of america
gallice,italia
space,australia
edinburgh,united kingdom
"tulsa, ok",united states of america
"portland, me",mÃ©xico
british hong kong,canada
tampa fl,united states of america
"topeka, ks",united states of america
the blacklist,deutschland
#forthefansbythefans,
philadelphia,united states of america
nederland,nederland
"tacoma, wa",united states of america
15 she/they,canada
"district of columbia, usa",united states of america
"las vegas, nv",united states of america
u.s.a.,egypt / Ù…ØµØ±
"rockwall, tx",united states of america
madang,papua new guinea
pixie hollow,united states of america
"saint louis, mo",united states of america
http://www.iapsop.com/ssoc/,
in your mind,india
cringeyopolis,
"Ã¼t: 0.0,0.0",
"overland park, ks",united states of america
"newtown square, pa.",united states of america
"almere, nederland",nederland
san jose,united states of america
international date line,fiji
"ravensdale, wa",united states of america
"chattanooga, tn, usa",united states of america
"cora's den, the citadel",
å…‰å¾©é¦™æ¸¯ğŸ˜·æ™‚ä»£é©å‘½,
lafenwa lagos,nigeria
mgtow meninist radical freedom,
"Ã¼t: 40.752293,-73.979673",
"sha tin district, hong kong",china ä¸­å›½
"springfield, il",united states of america
planet earth,india
hangzhou,china ä¸­å›½
"victoria, british columbia",canada
"watsonville, ca",united states of america
"charlotte, nc",united states of america
setauket,united states of america
charlotte / chicago,united states of america
"rotterdam, zuid-holland",nederland
"cleveland, oh",united states of america
maga country,espaÃ±a
altair-4,united states of america
"hudson valley, ny",united states of america
"troy, ny",united states of america
galax va,sverige
hkg,china ä¸­å›½
"sacramento, ca",united states of america
lee jeno's eyeglass keeper,
"tucson metro area, az.",
uss enterprise,united states of america
uhuru peak,tanzania
"albuquerque, nm",united states of america
south fl,united states of america
"iaÅŸi, romÃ¢nia",romÃ¢nia
pacific north west,united states of america
scotland,united kingdom
guildford,united kingdom
"here, usa",united states of america
"buffalo, ny",united states of america
"montrose, houston tx",united states of america
semi - lockdown,
"kapaa, hi",united states of america
"davis, ca",canada
"temiskaming shores, ontario",canada
"sÃ£o paulo, brasil",brasil
"hyderabad, andhra pradesh",india
"tallahassee, fl",united states of america
"montrÃ©al, quÃ©bec",canada
viet nam,viá»‡t nam
212.430.2810,
"peterborough, england",united kingdom
abuja/gombe,nigeria
little bubble baseball world,
island of misfit toys,
"south west, england",united kingdom
europe + africa + americas + cities,
"hinesville, ga usa",united states of america
/,
unceded lheidli t'enneh land,
island in the sun ğŸš´,france
ğŸŒ,
"miami, fl (the matrix)",
girl town usa,united states of america
"phoenix, az",united states of america
european union,Ğ±ÑŠĞ»Ğ³Ğ°Ñ€Ğ¸Ñ
"greenfield, in",united states of america
"pittsburgh, baltimore, nyc",
"earth, milky way galaxy",
global digital media network,
"memphis, tn",united states of america
"helsinki, suomi",suomi
london & taipei,united kingdom
atl,colombia
#ski,azerbaijan
co wicklow,ireland
"arusha, tz",tanzania
i live on earth,
hamilton,canada
rotterdam nation,
discord.gg/rawfury,
"willow grove, pa",united states of america
"blacksburg, va",united states of america
zurich & hong kong,china ä¸­å›½
charlemont,united states of america
"lakewood, nj",united states of america
elenaâ€™s heart,
the milky way galaxy,united kingdom
all about,united states of america
phoenix,united states of america
"dubai, uae",united arab emirates
microtitre plates,
in your head!,australia
"the colony, tx",united states of america
caloocan city,philippines
"espaÃ±a, estados unidos, vzla.",
ulaanbaatar,Ğ¼Ğ¾Ğ½Ğ³Ğ¾Ğ» ÑƒĞ»Ñ
"san antonio, tx",united states of america
"amsterdam, nederland",nederland
porto alegre (rs) - brasil,brasil
dc constitutional conservative,
"917 main street, woodland, ca 95695",united states of america
"san francisco, ca",canada
sporting venue near you.,
"fremont, ne",united states of america
md/dc,moldova
"homer, ak",united states of america
"boston, ma",united states of america
"roselle park, nj",
nunyabiznis,
"elk grove village, il",united states of america
accra,ghana
"sydney, new south wales",australia
everywhere!,romÃ¢nia
usa #justiceiscoming,
"kingston, wa",united states of america
"melbourne, fl",united states of america
nw pacific 'lotus-land',
nunna,india
"fresno, ca",united states of america
flatland,norge
close to a peaceful forest.,
"lowell,ma",united states of america
london,united kingdom
atlanta,united states of america
"bellagio, lombardy",italia
"albany, ny",united states of america
vancouver,canada
scientopia in the dmv,
"nevernever land, pa",
"irving, tx",united states of america
"manchester, england",united kingdom
"riverside, ca",canada
sÃ£o paulo / sp,brasil
"frederick, md via erie, pa",
upstate,united states of america
south east asia,united kingdom
paris  london,france
new delhi/noida,india
sin city,united kingdom
ÙÙŠ Ø¥Ù†ØªØ¸Ø§Ø± Ø§Ù„Ù‚Ø§Ø¦Ù… Ø§Ù„Ù…ÙˆØ¹ÙˆØ¯,
"covington, ga",united states of america
"mansfield, tx",united states of america
seattle,united states of america
"new rochelle, ny",united states of america
lagos,àº›àº°à»€àº—àº”àº¥àº²àº§
ord,united states of america
the mothershipğŸ›¸,ireland
the university of hong kong,china ä¸­å›½
the us & world of health talk radio,
"woodcliff lake, nj",united states of america
follow-rt do not=endorse,
virtual and pacific nw,
chicago,united states of america
"springdale, ar",united states of america
ba sing se,singapore
bc,canada
"wayne, pa",united states of america
"strathcona county, alberta",canada
"mclean, va",united states of america
park hills ky,united states of america
"chicagoland, mostly",
probably playing 2k,
"pierre, sd",united states of america
delphos|cincy|nola|lansing,
aus & eu,deutschland
"des moines, ia",united states of america
"manvel, tx 77578",united states of america
beijing and fukuoka,
northwalesmanc,
south america,
"torrance, ca.",canada
nirman bhawan,india
bharatvarsh,
"newmarket, ontario",canada
"ottawa, ontario",canada
"estero, fl",united states of america
moscow,Ñ€Ğ¾ÑÑĞ¸Ñ
http://www.ic.tips,
america ğŸ‡ºğŸ‡¸,nederland
phila,france
delhi via lucknow & kozhikode,
wherever i am present.,
la shingada,
"dÃ¼sseldorf, deutschland",deutschland
"chelan, wa",united states of america
islamabad,bangladesh
"earth, solar system",
kalifornia,united states of america
"from la to the bay, usa",
a living perdition,
"buckingham, england",united kingdom
"roselle, il",united states of america
"nyc, ny, usa",united states of america
"foxboro, ma 02035",united states of america
tx,united states of america
#theresistance #democracy #truth   #foster #adopt  no pet left behind ğŸ¾,
"austin, tx",united states of america
new territories,china ä¸­å›½
"middletown, oh",united states of america
follows you,united states of america
multi,ecuador
"somewhere, sc",
"north vernon, in",united states of america
"los baÃ±os, calabarzon",philippines
"red, white, and blue usa",united states of america
"plattsburgh, ny",united states of america
"nashville, tn.",united states of america
ig: justbonni,
"north charleston, sc",united states of america
"keeping it real, or whatever",
dalton,united states of america
magyarorszÃ¡g,magyarorszÃ¡g
passaic nj 07055,united states of america
new delhi,india
earth,united states of america
ğŸŒwhen myğŸ‘£stop moving ğŸŒ,
"federal capital territory, nig",
"fairfield, ca",canada
"birmingham, al",united states of america
"oxford, england",united kingdom
"vancouver island, crapada",
salt lake city,united states of america
saint lucia,saint lucia
#inyourmind,
"state college, pa",united states of america
cologne,
"seoul, republic of korea",ëŒ€í•œë¯¼êµ­
san antonio,united states of america
"st. albert, alberta",canada
"the woodlands, tx",united states of america
hytale,
"suffolk, england",united kingdom
"charlotte, she/they, bi aro",
"3rd terrestrial planet, sun",
treaty 13,united states of america
stay.0325 ğŸ’š,united states of america
ciphers ğŸ”  ğŸ”¢,
"nashville, tn",united states of america
kathmandu-marburg-sydney,
behind you,united states of america
mt jupiter,united states of america
liverpool,united kingdom
"arlington, tx",united states of america
perth,australia
portland,united states of america
"sa puso ni crush, yieeeeeeeeee",
every where and no where,
u.s. orig join 2015,
home visits&gigs anywhere,
"ny, ny",united states of america
"eldersburg, md",united states of america
"ventura, ca",canada
nod,united states of america
here,bosna i hercegovina
"cambridge, ma",united states of america
around...,ÑƒĞºÑ€Ğ°Ñ—Ğ½Ğ°
"staffordshire, uk",united kingdom
europe/tamriel,
"west monroe, la",united states of america
"wherever you go, there you are",
"passo fundo, brasil -",brasil
growing distopia,
Ñ€Ğ¾ÑÑĞ¸Ñ,Ñ€Ğ¾ÑÑĞ¸Ñ
worldwide,repÃºblica dominicana
"hampshire, uk",united kingdom
costaguano,
suomi,suomi
on the road,australia
"minneapolis, mn",united states of america
"alamo, ca",canada
"holton, ks",united states of america
"thousand oaks, ca",united states of america
deep in a untrustworthy paper,
"harrisburg, pa",united states of america
beijing airport,china ä¸­å›½
magic shopğŸ§¸,Ñ€Ğ¾ÑÑĞ¸Ñ
london. lagos. abuja,
"northridge, ca",canada
"dalton, ga",united states of america
"waltham, ma",united states of america
"providence, ri",united states of america
earth (northwest quadrant),
chiswick,united kingdom
"madison, wi",united states of america
"vancouver, b.c",canada
in the middle,united states of america
las vegas nv.,united states of america
"auckland central, auckland",new zealand
wechat id: dave-lucas,
"pg county, md",
big blue nation,
"louisville, ky",united states of america
ulan bator,Ğ¼Ğ¾Ğ½Ğ³Ğ¾Ğ» ÑƒĞ»Ñ
"brea, ca",united states of america
"itasca, il",united states of america
on a plane near you,
#yuenlongdarknight,
my place in this universe,
schrÃ¶dinger's box,united states of america
"brewster, ny",united states of america
ğŸ¤¬ğŸ¤«ğŸ¥°ğŸ¥´ğŸ—£ at @gigilgiggle_twt,
"à¤¨à¤ˆ à¤¦à¤¿à¤²à¥à¤²à¥€, à¤­à¤¾à¤°à¤¤",india
"marietta, ga",united states of america
in hell,switzerland
"hallsville, tx",united states of america
"raleigh, n.c. 27605",united states of america
she/her,united states of america
dhhq,
"hernando, ms",united states of america
"lake elsinore, ca",united states of america
"jackson, ca",canada
åŒ—äº¬/north east england,united kingdom
"nanaimo, bc",canada
thought leadering from behind,
"westampton, nj",united states of america
"tortoise cottage, woodstock ny",
probably in isolation,
"schuyler county, ny",united states of america
ğŸ‡¬ğŸ‡§,
"bellingham, wa",united states of america
"san francisco,ca",canada
dm04,
ocean,united states of america
universe,danmark
martha's vineyard ma & brooklyn ny,
quinnepeokke,
cebu city,philippines
"city of victoria, hong kong",
"tempe, az",united states of america
ğŸ‡µğŸ‡°,
"berlin,dubai",deutschland
"ca, al, ky, tn, oh, mo, wy, or",
"fraser, mi",united states of america
ussanews.com,
ğŸ‘†ğŸ¾,
shinee world,
somewhere in hell!,
canberra,australia
f.i.l.a. atlanta,
"barrie, ontario",canada
atropia,ÎµÎ»Î»Î¬Î´Î±
pacific northwest,united states of america
"twin cities, mn",united states of america
u.s.a,egypt / Ù…ØµØ±
"cheshire, ct",united states of america
closeby,
another dimension,
lost in a rainforest,
"stockport, england",united kingdom
"honolulu, hawai'i",united states of america
small town usa,united states of america
"iphone: 47.624580,-122.324364",
"key west, fl",united states of america
carlosfnays@gmail.com,
frankfurt am main,deutschland
"north west, england",deutschland
lisbon,portugal
bangalore,india
"wheeling, wv",united states of america
nairobi,kenya
"marion, va",united states of america
madrid,espaÃ±a
northeastern & central pa,canada
"killeen, tx",united states of america
bkk,à¸›à¸£à¸°à¹€à¸—à¸¨à¹„à¸—à¸¢
"wien, Ã¶sterreich",Ã¶sterreich
nj 732/908,united states of america
"angleterre, royaume-uni",united kingdom
"å°åŒ—å¸‚, å°ç£",taiwan
peepeepoopoo usa,
laniakea supercluster,
heart in  #palestine,
central news agency (cna),
"princeton, n.j.",united states of america
"lowville, ny",united states of america
detroit,united states of america
nottingham uk,united kingdom
19 she/her,canada
sur les bords du nil,
"cleveland heights, oh",united states of america
european union ğŸ‡ªğŸ‡º,Ğ±ÑŠĞ»Ğ³Ğ°Ñ€Ğ¸Ñ
"katy, tx",united states of america
socal usa,united states of america
warlordz,philippines
"lahaina, hi",united states of america
"cave creek, az",united states of america
"manaus, amazonas",brasil
right behind you,italia
"montreal, qc",canada
"lafayette, in",united states of america
"broadway, nc",united states of america
alberta,canada
ğ“œğ“ªğ“­ğ“»ğ“²ğ“­.,
"ğŸ—½, cz, mne, cr,mx",
"st. paul, mn 55114",united states of america
sf bay area,united states of america
ottawa,canada
pimbo,france
quezon city,philippines
davis/sacramento/stockton/la,united states of america
"ny, usa",united states of america
neverland,united states of america
"west palm beach, fl",united states of america
janney world hq,
"thorofare, nj",united states of america
"shithole, usa",
instapaper,
"mount clemens, mi",united states of america
"plymouth, ma",united states of america
yllise,
"bulacan, central luzon",philippines
uk,united kingdom
usa in this hoe,united states of america
dixie,united states of america
"azle, tx",united states of america
all over the world,nederland
"chicago, il",united states of america
"grand prairie, tx",united states of america
"queens, ny",united states of america
"bayonne, nj",united states of america
hell,united states of america
in your feelings ğŸ€,
ministry of silly wank,
where ğŸ’­ meets creativity.,
"durham, nc",united states of america
"calgary, ab",canada
chaostan no. 33 (fraser),
"jozi, rsa",south africa
mars ğŸŒ‘,france
"scottsdale, az",united states of america
"wichita, ks",united states of america
"philadelphia, pa",united states of america
"north cornwall, uk",united kingdom
ğŸ‡¨ğŸ‡¦,
"miami, fl usa",united states of america
"pittsburgh, pa",united states of america
quantum (nowhere & everywhere),
the lone star state,united states of america
"433 babcock dr, madison, wi",united states of america
proud region rat,
"sabino canyon, tucson, az",united states of america
"fairfax, va",united states of america
"roswell, ga",united states of america
"huntington beach, ca",united states of america
"40Â°52'41.344""n 73Â°55'25.924""w",
"accra, lagos, london",Ñ€Ğ¾ÑÑĞ¸Ñ
ny metro,france
socal,brasil
"brooklyn, ny",united states of america
stl-mhk,
"weston, fl",united states of america
"wellsburg, wv",united states of america
"stewartville, mn",united states of america
"croydon, london",united kingdom
prarie grove ar,france
"spokane, wa",united states of america
"orlando, fl",united states of america
"new canton, va",united states of america
land of the free - usa,
amber waves of grain,
brooklyn / the world,united states of america
wokeistan cave complex,
hertfordshire,united kingdom
ottawa & points unknown,united states of america
"hickory creek, tx",united states of america
"seattle, wa, usa (mostly)",
9 kÃ¶yden kovulan adam,
"port orchard, wa",united states of america
"prince george, b.c.",canada
frisco/brooklyn,united states of america
fort myers,united states of america
san francisco bay area,united states of america
"há»“ chÃ­ minh, viá»‡t nam",viá»‡t nam
midwestern native,
wareham dorset,united kingdom
irvine ca,canada
"shah alam, selangor",malaysia
fort worth and dallas,united states of america
nl,nederland
"knoxville, tn",united states of america
studio 1a,united states of america
"lgbt: life gets better together, is about personal freedom and showing that people as individuals matter and as a collective are unstoppable.",
no dm's thank you. endfakenews,
ciudad de mÃ©xico,mÃ©xico
"medicine lodge, ks",united states of america
ludowici ga,united states of america
"tampa, fl",united states of america
"santa barbara, ca",canada
"somerville, ma",united states of america
"st louis, mo",united states of america
over my auntie house,
"victoria, bc",canada
"trenton, nj #oralhealthmatters",
"los altos hills, ca",united states of america
rep of korea,
lahore. dubai. shigar,
504 ~ 404 im wherever,
new england,united states of america
"greeneville, tn",united states of america
"north vancouver, bc",canada
ct/ny (http://linkd.in/cfwrn4),
"ĞºĞ°Ğ·Ğ°Ğ½ÑŒ, Ñ‚Ğ°Ñ‚Ğ°Ñ€ÑÑ‚Ğ°Ğ½ Ñ€ĞµÑĞ¿ÑƒĞ±Ğ»Ğ¸ĞºĞ°",Ñ€Ğ¾ÑÑĞ¸Ñ
"st clairsville, oh",united states of america
livejasmin,
"wattana, bangkok",à¸›à¸£à¸°à¹€à¸—à¸¨à¹„à¸—à¸¢
lafayette la,united states of america
her mole,
æ±äº¬,æ—¥æœ¬ (japan)
"atlanta,ga",united states of america
"hope mills, nc",united states of america
"york, england",united kingdom
where the wild things are,australia
"feet in nz, heart in usa.",
czech republic,Äesko
"lancaster, pa",united states of america
somewhere on earth...,
the midwest,united states of america
"biloxi, ms",united states of america
"Ã¼t: 40.751867,-73.973773",
ig&soundcloud: shamanlotus,
somewhere in america,
lost city of atlantis,
st vincent and the grenadines,saint vincent and the grenadines
backstage,nederland
pdx,united states of america
"glenwood springs, america",united states of america
"wilmington, de",united states of america
"lithia springs, ga",united states of america
high tax ne,magyarorszÃ¡g
"hillaryvillage, ca",
"orange county, ca",united states of america
"manila city, national capital",philippines
"kozhikode, kerala",india
"largo, fl",united states of america
mega medical center ed,
"kewanee, il",united states of america
"york, pa",united states of america
kuala lumpur federal territory,malaysia
near manchester i think?,
"mannville, alberta",canada
"troy, al",united states of america
ğŸ˜· beijing,china ä¸­å›½
"chapel hill, nc",united states of america
"long island, ny",united states of america
"norwalk, ct",united states of america
"chicopee, ma",united states of america
zappa centauri,
"kiln, ms",united states of america
sydney,australia
somewhere over the rainbow,
worldwide information,united kingdom
"valhalla, maui & geneva",
"anchorage, ak",united states of america
tx to nyc to sf to tx,
"guangdong, people's republic o",
"concord, nh",united states of america
donegal,ireland
"stuart, fl",united states of america
mi-ca,united states of america
"bay area, ca",united states of america
minneapolis,united states of america